{
    "graph name": "C5",
    "number of agent": 5,
    "max degree": 2,
    "abs of lambda2": 0.5393446629166316,
    "AdjacencyMatrix": [
        [
            0,
            1,
            0,
            0,
            1
        ],
        [
            1,
            0,
            1,
            0,
            0
        ],
        [
            0,
            1,
            0,
            1,
            0
        ],
        [
            0,
            0,
            1,
            0,
            1
        ],
        [
            1,
            0,
            0,
            1,
            0
        ]
    ],
    "PerronMatrix": [
        [
            0.3333333333333333,
            0.3333333333333333,
            0,
            0,
            0.3333333333333333
        ],
        [
            0.3333333333333333,
            0.3333333333333333,
            0.3333333333333333,
            0,
            0
        ],
        [
            0,
            0.3333333333333333,
            0.3333333333333333,
            0.3333333333333333,
            0
        ],
        [
            0,
            0,
            0.3333333333333333,
            0.3333333333333333,
            0.3333333333333333
        ],
        [
            0.3333333333333333,
            0,
            0,
            0.3333333333333333,
            0.3333333333333333
        ]
    ]
}