{
    "graph name": "graph3",
    "number of agent": 10,
    "max degree": 6,
    "abs of lambda2": 0.730271,
    "AdjacencyMatrix": [
        [
            0,
            1,
            0,
            1,
            0,
            0,
            0,
            1,
            1,
            1
        ],
        [
            1,
            0,
            1,
            1,
            0,
            0,
            0,
            0,
            0,
            1
        ],
        [
            0,
            1,
            0,
            1,
            1,
            0,
            0,
            0,
            0,
            0
        ],
        [
            1,
            1,
            1,
            0,
            1,
            1,
            0,
            0,
            1,
            0
        ],
        [
            0,
            0,
            1,
            1,
            0,
            1,
            1,
            0,
            0,
            0
        ],
        [
            0,
            0,
            0,
            1,
            1,
            0,
            1,
            0,
            0,
            1
        ],
        [
            0,
            0,
            0,
            0,
            1,
            1,
            0,
            1,
            1,
            0
        ],
        [
            1,
            0,
            0,
            0,
            0,
            0,
            1,
            0,
            0,
            1
        ],
        [
            1,
            0,
            0,
            1,
            0,
            0,
            1,
            0,
            0,
            0
        ],
        [
            1,
            1,
            0,
            0,
            0,
            1,
            0,
            1,
            0,
            0
        ]
    ],
    "PerronMatrix": [
        [
            0.285714,
            0.142857,
            0,
            0.142857,
            0,
            0,
            0,
            0.142857,
            0.142857,
            0.142857
        ],
        [
            0.142857,
            0.428571,
            0.142857,
            0.142857,
            0,
            0,
            0,
            0,
            0,
            0.142857
        ],
        [
            0,
            0.142857,
            0.571429,
            0.142857,
            0.142857,
            0,
            0,
            0,
            0,
            0
        ],
        [
            0.142857,
            0.142857,
            0.142857,
            0.142857,
            0.142857,
            0.142857,
            0,
            0,
            0.142857,
            0
        ],
        [
            0,
            0,
            0.142857,
            0.142857,
            0.428571,
            0.142857,
            0.142857,
            0,
            0,
            0
        ],
        [
            0,
            0,
            0,
            0.142857,
            0.142857,
            0.428571,
            0.142857,
            0,
            0,
            0.142857
        ],
        [
            0,
            0,
            0,
            0,
            0.142857,
            0.142857,
            0.428571,
            0.142857,
            0.142857,
            0
        ],
        [
            0.142857,
            0,
            0,
            0,
            0,
            0,
            0.142857,
            0.571429,
            0,
            0.142857
        ],
        [
            0.142857,
            0,
            0,
            0.142857,
            0,
            0,
            0.142857,
            0,
            0.571429,
            0
        ],
        [
            0.142857,
            0.142857,
            0,
            0,
            0,
            0.142857,
            0,
            0.142857,
            0,
            0.428571
        ]
    ]
}